Diana Belbita,3.20,Molly McCann,1.36,Molly McCann,03.02.2024
Charles Johnson,2.80,Azat Maksum,1.45,Azat Maksum,03.02.2024
Pete Rodriguez,3.00,Themba Gorimbo,1.40,Themba Gorimbo,03.02.2024
Blake Bilder,2.25,JeongYeong Lee,1.67,JeongYeong Lee,03.02.2024
Marquel Mederos,1.74,Landon Quiñones,2.10,Marquel Mederos,03.02.2024
Jamal Pogues,2.35,Thomas Petersen,1.61,Thomas Petersen,03.02.2024
Nassourdine Imavov,1.62,Roman Dolidze,2.31,Dolidze,04.02.2024
Drew Dober,2.29,Renato Moicano,1.62,Drew Dober,04.02.2024
Muslim Salikhov,3.20,Randy Brown,1.36,Randy Brown,04.02.2024
Natalia Silva,1.28,Viviane Araujo,3.75,Natalia Silva,04.02.2024
Makhmud Muradov,2.25,Aliaskhab Khizriev,1.67,Makhmud Muradov,04.02.2024
Carlos Prates,1.44,Trevin Giles,2.85,Carlos Prates,10.02.2024
Bolaji Oki,1.36,Damir Hadzovic,3.25,Bolaji Oki,10.02.2024
Bruna Brasil,2.85,Loma Lookboonmee,1.44,Loma Lookboonmee,10.02.2024
Jeremiah Wells,1.53,Max Griffin,2.55,Max Griffin,10.02.2024
Bogdan Guskov,2.15,Zac Pauga,1.72,Bogdan Guskov,10.02.2024
Hyder Amil,2.85,Melsik Baghdasaryan,1.44,Hyder Amil,10.02.2024
Andre Fili,2.15,Dan Ige,1.67,Dan Ige,11.02.2024
Albert Duraev,1.59,Robert Bryczek,2.40,Albert Duraev,11.02.2024
Gregory Rodrigues,1.43,Brad Tavares,2.90,Gregory Rodrigues,11.02.2024
Darrius Flowers,2.10,Michael Johnson,1.75,Michael Johnson,11.02.2024
Armen Petrosyan,1.95,Rodolfo Vieira,1.87,RODOLFO VIEIRA,11.02.2024
Brendson Ribeiro,2.30,Zhang Mingyang,1.59,Zhang Mingyang,17.02.2024
Danny Barlow,1.43,Josh Quinlan,2.75,Quinlan,17.02.2024
Miranda Maverick,1.51,Andrea Lee,2.50,Miranda Maverick,18.02.2024
Justin Tafa,2.30,Marcos Rogerio de Lima,1.57,de Lima,18.02.2024
Paulo Costa,2.60,Robert Whittaker,1.46,Robert Whittaker,18.02.2024
Ian Garry,1.39,Geoff Neal,2.80,Ian Garry,18.02.2024
Henry Cejudo,2.35,Merab Dvalishvili,1.55,draw,18.02.2024
Roman Kopylov,2.20,Anthony Hernandez,1.60,ROMAN KOPYLOV,18.02.2024
Raoni Barcelos,1.55,Cristian Quiñonez,2.45,Raoni Barcelos,25.02.2024
Mateus Mendonca,1.73,Jesus Aguilar,2.00,Mateus Mendonca,25.02.2024
Daniel Lacerda,3.75,Édgar Cháirez,1.25,Édgar Cháirez,25.02.2024
Farés Ziam,1.40,Claudio Puelles,3.00,Claudio Puelles,25.02.2024
Denys Bondar,1.78,Luis Rodriguez,2.05,Luis Rodriguez,25.02.2024
Felipe dos Santos,1.29,Victor Altamirano,3.40,Victor Altamirano,25.02.2024
Muhammad Naimov,1.37,Erik Silva,3.10,Muhammad Naimov,25.02.2024
Brandon Royval,1.40,Brandon Moreno,3.00,Brandon Moreno,25.02.2024
Brian Ortega,2.40,Yair Rodriguez,1.58,Yair Rodriguez,25.02.2024
Francisco Prado,2.87,Daniel Zellhuber,1.44,Daniel Zellhuber,25.02.2024
Ricky Turcios,3.40,Raul Rosas Jr.,1.33,Ricky Turcios,25.02.2024
Chris Duncan,2.40,Manuel Torres,1.58,Manuel Torres,25.02.2024
Michal Oleksiejczuk,2.35,Michel Pereira,1.60,Pereira,09.03.2024
Josh Parisian,4.90,Robelis Despaigne,1.18,Josh Parisian,09.03.2024
Maryna Moroz,1.55,Joanne Wood,2.45,MARYNA MOROZ,09.03.2024
Jailton Almeida,1.83,Curtis Blaydes,1.93,Curtis Blaydes,10.03.2024
Maycee Barber,1.55,Katlyn Cerminara,2.40,Maycee Barber,10.03.2024
Rafael Dos Anjos,3.00,Mateusz Gamrot,1.36,Rafael Dos Anjos,10.03.2024
Kyler Phillips,1.50,Pedro Munhoz,2.50,Kyler Phillips,10.03.2024
Marlon Vera,2.60,Sean O'Malley,1.52,draw,10.03.2024
Benoit Saint Denis,1.66,Dustin Poirier,2.25,Dustin Poirier,10.03.2024
Michael Page,2.15,Kevin Holland,1.67,Michael Page,10.03.2024
Jack Della Maddalena,1.95,Gilbert Burns,1.78,Gilbert Burns,10.03.2024
Song Yadong,2.20,Petr Yan,1.63,Petr Yan,10.03.2024
Marcin Tybura,1.95,Tai Tuivasa,1.78,Tai Tuivasa,17.03.2024
Rose Namajunas,1.57,Amanda Ribas,2.50,Rose Namajunas,24.03.2024
Vicente Luque,3.25,Sean Brady,1.36,Vicente Luque,31.03.2024
Manon Fiorot,1.56,Erin Blanchfield,2.25,Manon Fiorot,31.03.2024
Jim Miller,2.70,Bobby Green,1.50,Bobby Green,14.04.2024
Cody Brundage,9.00,Bo Nickal,1.07,Bo Nickal,14.04.2024
Kayla Harrison,1.22,Holly Holm,4.50,Kayla Harrison,14.04.2024
Aleksandar Rakic,1.72,Jirí Procházka,2.10,JIRÍ PROCHÁZKA,14.04.2024
Aljamain Sterling,1.85,Calvin Kattar,1.85,Aljamain Sterling,14.04.2024
Cody Garbrandt,3.50,Deiveson Figueiredo,1.30,Cody Garbrandt,14.04.2024
Yan Xiaonan,3.75,Zhang Weili,1.28,Zhang Weili,14.04.2024
Max Holloway,2.70,Justin Gaethje,1.50,Max Holloway,14.04.2024
Arman Tsarukyan,1.57,Charles Oliveira,2.50,Charles Oliveira,14.04.2024
Carlos Vera,6.75,Rinya Nakamura,1.12,Rinya Nakamura,18.02.2024
Isaac Dulgarian,1.73,Christian Rodriguez,2.05,Rodriguez,16.03.2024
Bryan Barberena,2.10,Gerald Meerschaert,1.67,Bryan Barberena,16.03.2024
Chelsea Chandler,1.91,Josiane Nunes,1.83,Josiane Nunes,16.03.2024
Ange Loosa,2.10,Bryan Battle,1.67,Bryan Battle,16.03.2024
Cory McKenna,2.20,Jaqueline Amorim,1.62,Cory McKenna,16.03.2024
Chad Anheliger,2.50,Charalampos Grigoriou,1.50,Charalampos Grigoriou,16.03.2024
Kennedy Nzechukwu,1.29,Ovince Saint Preux,3.40,Kennedy Nzechukwu,17.03.2024
Danny Silva,2.50,Josh Culibao,1.50,Josh Culibao,17.03.2024
Brad Riddell,2.50,Thiago Moises,1.50,Thiago Moises,17.03.2024
Macy Chiasson,1.62,Pannie Kianzad,2.20,Macy Chiasson,17.03.2024
SeungWoo Choi,1.95,Morgan Charrière,1.75,Morgan Charrière,07.04.2024
Julija Stoliarenko,1.62,Luana Carolina,2.24,Luana Carolina,03.02.2024
MarQuel Mederos,1.61,Landon Quiñones,2.26,Marquel Mederos,03.02.2024
Charles Radtke,2.69,Gilbert Urbina,1.47,Charles Radtke,04.02.2024
Ihor Potieria,1.63,Robert Bryczek,2.30,Ihor Potieria,11.02.2024
Timmy Cuamba,2.45,Bolaji Oki,1.53,Bolaji Oki,10.02.2024
Marcin Prachnio,2.71,Devin Clark,1.44,Marcin Prachnio,10.02.2024
Hyder Amil,1.42,Fernie Garcia,2.78,Hyder Amil,10.02.2024
Joe Pyfer,1.40,Jack Hermansson,2.97,Joe Pyfer,11.02.2024
Timothy Cuamba,2.45,Bolaji Oki,1.53,Bolaji Oki,10.02.2024
RB Leipzig,3.10,Real Madrid,2.15,Real Madrid,13.02.2024
Lazio,5.00,Bayern Munich,1.65,draw,14.02.2024
Napoli,2.65,Barcelona,2.50,Barcelona,21.02.2024
Inter,1.88,Atl. Madrid,4.20,Inter Milan,20.02.2024
FC Copenhagen,12.50,Manchester City,1.23,Manchester City,13.02.2024
FC Porto,4.20,Arsenal,1.82,draw,21.02.2024
PSG,1.65,Real Sociedad,5.50,PSG,14.02.2024
PSV,2.10,Dortmund,3.20,PSV,20.02.2024
Betis,2.05,Alaves,3.75,Real Betis,18.02.2024
Atl. Madrid,1.46,Las Palmas,6.50,Atletico Madrid,17.02.2024
Granada CF,2.05,Almeria,3.40,Granada CF,18.02.2024
Osasuna,1.75,Cadiz CF,5.25,draw,17.02.2024
Mallorca,3.25,Real Sociedad,2.50,draw,18.02.2024
Villarreal,2.05,Getafe,3.50,Villarreal,16.02.2024
Valencia,2.20,Sevilla,3.30,Sevilla,17.02.2024
Celta Vigo,3.80,Barcelona,1.88,Barcelona,17.02.2024
Rayo Vallecano,5.25,Real Madrid,1.63,Real Madrid,18.02.2024
Ath Bilbao,2.05,Girona,3.40,draw,19.02.2024
Real Sociedad,1.75,Villarreal,4.75,draw,23.02.2024
Almeria,4.33,Atl. Madrid,1.75,Atletico Madrid,24.02.2024
Barcelona,1.39,Getafe,7.50,Barcelona,24.02.2024
Real Madrid,1.31,Sevilla,9.25,Real Madrid,25.02.2024
Granada CF,2.55,Valencia,2.80,draw,24.02.2024
Las Palmas,2.45,Osasuna,3.10,Las Palmas,25.02.2024
Alaves,2.00,Mallorca,4.33,draw,24.02.2024
Betis,2.90,Ath Bilbao,2.45,draw,25.02.2024
Cadiz CF,2.75,Celta Vigo,2.75,draw,25.02.2024
Everton,1.75,Crystal Palace,5.00,Everton,19.02.2024
Fulham,2.87,Aston Villa,2.25,draw,17.02.2024
Manchester City,1.35,Chelsea,8.00,Manchester City,17.02.2024
Tottenham,1.57,Wolves,5.00,Tottenham Hotspur,17.02.2024
Newcastle,1.80,Bournemouth,3.90,Newcastle United,17.02.2024
Luton,3.80,Manchester Utd,1.85,Manchester United,18.02.2024
Nottingham,2.40,West Ham,2.80,West Ham United,17.02.2024
Burnley,8.75,Arsenal,1.33,Arsenal,17.02.2024
Sheffield Utd,4.75,Brighton,1.65,Sheffield United,18.02.2024
Brentford,5.00,Liverpool,1.60,draw,17.02.2024
Arsenal,1.44,Newcastle,6.50,Arsenal,24.02.2024
Wolves,1.50,Sheffield Utd,6.00,Wolverhampton Wanderers,25.02.2024
Manchester City,1.23,Brentford,11.50,Manchester City,20.02.2024
Manchester Utd,1.57,Fulham,5.25,Manchester United,24.02.2024
Aston Villa,1.47,Nottingham,6.25,Aston Villa,24.02.2024
Liverpool,1.19,Luton,14.00,Liverpool,21.02.2024
Crystal Palace,1.88,Burnley,4.10,Crystal Palace,24.02.2024
Bournemouth,5.75,Manchester City,1.49,Manchester City,24.02.2024
Brighton,1.88,Everton,3.90,draw,24.02.2024
Augsburg,4.10,RB Leipzig,1.75,draw,10.02.2024
Werder Bremen,1.82,Heidenheim,4.00,Werder Bremen,10.02.2024
B. Monchengladbach,1.60,Darmstadt,5.25,B. Monchengladbach,10.02.2024
Eintracht Frankfurt,1.75,Bochum,4.50,Eintracht Frankfurt,10.02.2024
Stuttgart,1.43,Mainz,7.00,Stuttgart,11.02.2024
Bayer Leverkusen,2.55,Bayern Munich,2.50,draw,10.02.2024
Hoffenheim,1.78,FC Koln,4.10,draw,11.02.2024
Union Berlin,2.25,Wolfsburg,3.10,draw,10.02.2024
FC Koln,2.35,Werder Bremen,2.90,draw,16.02.2024
Heidenheim,6.75,Bayer Leverkusen,1.43,Bayer Leverkusen,17.02.2024
Wolfsburg,2.75,Dortmund,2.35,Borussia Dortmund,17.02.2024
Bochum,8.50,Bayern Munich,1.32,Bayern Munich,18.02.2024
Hoffenheim,2.10,Union Berlin,3.30,Hoffenheim,17.02.2024
Mainz,2.05,Augsburg,3.50,Mainz,17.02.2024
RB Leipzig,1.41,B. Monchengladbach,6.50,RB Leipzig,17.02.2024
Freiburg,2.15,Eintracht Frankfurt,3.20,Eintracht Frankfurt,18.02.2024
Darmstadt,5.75,Stuttgart,1.52,draw,17.02.2024
Bayer Leverkusen,1.16,Mainz,17.00,Bayer Leverkusen,23.02.2024
B. Monchengladbach,1.83,Bochum,3.90,draw,24.02.2024
Union Berlin,1.98,Heidenheim,3.80,Union Berlin,24.02.2024
Dortmund,1.49,Hoffenheim,5.50,Borussia Dortmund,25.02.2024
Eintracht Frankfurt,2.05,Wolfsburg,3.50,draw,25.02.2024
Bayern Munich,1.46,RB Leipzig,6.00,Bayern Munich,24.02.2024
Augsburg,2.15,Freiburg,3.20,draw,25.02.2024
Werder Bremen,1.57,Darmstadt,5.50,draw,24.02.2024
Abha,5.00,Al Taawon,1.53,draw,15.02.2024
Al Khaleej,2.85,Al Ettifaq,2.40,Al Khaleej,15.02.2024
Al Wehda,1.60,Al Taee,5.00,Al Wehda,16.02.2024
Damac,2.65,Al Shabab,2.45,Al Shabab,16.02.2024
Al Hazem,2.50,Al Feiha,2.70,Al Feiha,17.02.2024
Al Hilal,1.18,Al Raed,12.00,Al Hilal,18.02.2024
Al Ittihad,1.25,Al Riyadh,11.00,Al Ittihad,18.02.2024
Wolfsburg,2.05,Hoffenheim,3.30,Wolfsburg,04.02.2024
RB Leipzig,1.38,Union Berlin,7.75,RB Leipzig,04.02.2024
Heidenheim,4.10,Dortmund,1.72,draw,02.02.2024
FC Koln,3.00,Eintracht Frankfurt,2.30,draw,03.02.2024
Bochum,2.15,Augsburg,3.20,Bochum,03.02.2024
Mainz,2.05,Werder Bremen,3.50,Werder Bremen,03.02.2024
Bayern Munich,1.15,B. Monchengladbach,17.00,Bayern Munich,03.02.2024
Freiburg,3.00,Stuttgart,2.20,Freiburg,03.02.2024
Dortmund,1.57,Freiburg,5.25,Borussia Dortmund,09.02.2024
Mainz,2.05,Union Berlin,3.60,draw,07.02.2024
Getafe,6.00,Real Madrid,1.55,Real Madrid,01.02.2024
Alaves,4.10,Barcelona,1.85,Barcelona,03.02.2024
Girona,2.10,Real Sociedad,3.40,draw,03.02.2024
Valencia,1.65,Almeria,5.25,Valencia,03.02.2024
Ath Bilbao,1.52,Mallorca,7.00,Athletic Bilbao,02.02.2024
Villarreal,1.65,Cadiz CF,5.00,Villarreal,04.02.2024
Osasuna,2.30,Celta Vigo,3.20,draw,04.02.2024
Granada CF,2.30,Las Palmas,3.20,Granada CF,03.02.2024
Rayo Vallecano,2.20,Sevilla,3.40,draw,05.02.2024
Real Madrid,1.71,Atl. Madrid,4.40,Atletico Madrid,04.02.2024
Betis,1.90,Getafe,4.20,Getafe,04.02.2024
Las Palmas,2.75,Valencia,2.70,Valencia,10.02.2024
Barcelona,1.23,Granada CF,11.50,Barcelona,11.02.2024
Real Madrid,1.57,Girona,5.25,Real Madrid,10.02.2024
Sevilla,3.30,Atl. Madrid,2.10,Sevilla,11.02.2024
Real Sociedad,1.82,Osasuna,4.75,draw,10.02.2024
Getafe,2.25,Celta Vigo,3.30,draw,11.02.2024
Mallorca,2.30,Rayo Vallecano,3.40,Mallorca,11.02.2024
Alaves,2.15,Villarreal,3.30,Villarreal,10.02.2024
Cadiz CF,3.30,Betis,2.20,draw,09.02.2024
Al Taee,4.60,Al Ittihad,1.58,Al Taee,07.02.2024
Girona,1.62,Rayo Vallecano,5.25,draw,26.02.2024
Almeria,4.50,Ath Bilbao,1.73,draw,12.02.2024
Nice,2.30,Monaco,3.10,draw,11.02.2024
Lorient,3.50,Reims,2.05,draw,11.02.2024
Toulouse,2.25,Nantes,3.10,draw,11.02.2024
Montpellier,2.90,Lyon,2.40,Lyon,11.02.2024
Le Havre,3.40,Rennes,2.15,Rennes,11.02.2024
Clermont,3.50,Brest,2.10,draw,11.02.2024
Lyon,2.60,Nice,2.70,Lyon,16.02.2024
Strasbourg,1.68,Lorient,4.80,Strasbourg,18.02.2024
Rennes,1.50,Clermont,6.25,Rennes,18.02.2024
Monaco,1.49,Toulouse,6.00,Monaco,18.02.2024
Nantes,5.25,PSG,1.57,PSG,17.02.2024
Montpellier,1.75,Metz,4.60,Montpellier,18.02.2024
Reims,2.50,Lens,2.75,Reims,18.02.2024
Lille,1.44,Le Havre,7.00,Lille,17.02.2024
Brest,2.45,Marseille,2.85,draw,18.02.2024
Wolves,2.70,Manchester Utd,2.45,draw,01.02.2024
West Ham,2.45,Bournemouth,2.70,draw,01.02.2024
Everton,2.80,Tottenham,2.37,draw,03.02.2024
Burnley,2.87,Fulham,2.40,Burnley,03.02.2024
Brentford,7.00,Manchester City,1.40,Manchester City,05.02.2024
Sheffield Utd,5.00,Aston Villa,1.60,draw,03.02.2024
Newcastle,1.42,Luton,6.75,Newcastle United,03.02.2024
Brighton,1.66,Crystal Palace,4.80,Brighton & Hove Albion,03.02.2024
Bournemouth,1.75,Nottingham,4.33,draw,04.02.2024
Arsenal,2.35,Liverpool,2.85,Liverpool,04.02.2024
Chelsea,1.62,Wolves,5.00,Chelsea,04.02.2024
Manchester Utd,1.73,West Ham,4.33,Manchester United,04.02.2024
Atalanta,1.37,Sassuolo,7.50,Atalanta,17.02.2024
Monza,4.00,AC Milan,1.85,AC Milan,18.02.2024
Torino,1.72,Lecce,5.25,draw,16.02.2024
Empoli,3.50,Fiorentina,2.10,Empoli,18.02.2024
Verona,5.75,Juventus,1.65,draw,17.02.2024
Inter,1.18,Salernitana,15.00,Inter Milan,16.02.2024
Napoli,1.58,Genoa,5.75,Napoli,17.02.2024
Lazio,2.25,Bologna,3.40,Lazio,18.02.2024
Udinese,1.95,Cagliari,3.90,Udinese,18.02.2024
Frosinone,3.80,AS Roma,1.90,Roma,18.02.2024
Lecce,6.25,Inter,1.49,Inter Milan,25.02.2024
Salernitana,2.70,Monza,2.60,Salernitana,24.02.2024
Sassuolo,2.05,Empoli,3.50,Sassuolo,24.02.2024
Bologna,1.65,Verona,5.50,Bologna,23.02.2024
AC Milan,2.30,Atalanta,2.90,AC Milan,25.02.2024
Genoa,2.30,Udinese,3.20,draw,24.02.2024
Torino,2.40,Lazio,3.20,Lazio,22.02.2024
Juventus,1.36,Frosinone,8.25,Juventus,25.02.2024
Cagliari,3.80,Napoli,1.93,Napoli,25.02.2024
Cagliari,3.50,Lazio,2.15,Lazio,10.02.2024
AS Roma,4.20,Inter,1.90,draw,10.02.2024
Sassuolo,3.25,Torino,2.20,draw,10.02.2024
Bologna,1.72,Lecce,5.25,Bologna,11.02.2024
Genoa,3.60,Atalanta,2.10,draw,11.02.2024
Monza,2.10,Verona,3.60,draw,11.02.2024
Fiorentina,1.51,Frosinone,6.00,Fiorentina,11.02.2024
AC Milan,1.95,Napoli,3.70,AC Milan,11.02.2024
Juventus,1.43,Udinese,7.75,Juventus,12.02.2024
Bologna,2.35,Fiorentina,3.10,Bologna,14.02.2024
Lens,1.82,Freiburg,4.20,Lens,15.02.2024
AC Milan,1.65,Rennes,5.00,AC Milan,15.02.2024
Feyenoord,2.00,AS Roma,3.70,Feyenoord,15.02.2024
Benfica,1.37,Toulouse,8.25,Benfica,15.02.2024
Young Boys,3.70,Sporting CP,1.93,Sporting Lisbon,15.02.2024
Galatasaray,1.71,Sparta Prague,4.75,Galatasaray,15.02.2024
Shakhtar Donetsk,3.10,Marseille,2.25,draw,15.02.2024
Braga,1.39,Qarabag,7.50,Braga,15.02.2024
Salernitana,2.45,Empoli,2.95,Empoli,09.02.2024
Metz,2.25,Lorient,3.30,Lorient,04.02.2024
Lyon,2.75,Marseille,2.50,draw,04.02.2024
Brest,2.45,Nice,2.90,draw,04.02.2024
Reims,1.73,Toulouse,4.60,draw,04.02.2024
Nantes,3.20,Lens,2.20,draw,03.02.2024
Rennes,1.63,Montpellier,5.25,Rennes,03.02.2024
Strasbourg,5.75,PSG,1.51,PSG,02.02.2024
Monaco,1.47,Le Havre,6.25,Monaco,04.02.2024
Lille,1.39,Clermont,8.00,Lille,04.02.2024
Marseille,1.32,Metz,10.00,Marseille,09.02.2024
Lens,1.58,Strasbourg,5.75,draw,10.02.2024
PSG,1.51,Lille,5.75,PSG,10.02.2024
AS Roma,1.47,Cagliari,6.75,AS Roma,05.02.2024
Aston Villa,2.05,Manchester Utd,3.20,Manchester United,11.02.2024
Crystal Palace,3.90,Chelsea,1.90,draw,12.02.2024
West Ham,5.50,Arsenal,1.57,Arsenal,11.02.2024
Tottenham,1.85,Brighton,3.70,Tottenham Hotspur,10.02.2024
Wolves,2.05,Brentford,3.40,draw,10.02.2024
Luton,1.73,Sheffield Utd,4.60,Luton Town,10.02.2024
Fulham,2.30,Bournemouth,2.90,draw,10.02.2024
Liverpool,1.17,Burnley,15.00,Liverpool,10.02.2024
Manchester City,1.21,Everton,12.50,Manchester City,10.02.2024
Nottingham,3.60,Newcastle,1.98,Newcastle United,10.02.2024
Manchester City,1.16,FC Copenhagen,16.50,Manchester City,06.03.2024
Real Madrid,1.63,RB Leipzig,4.80,Real Madrid,06.03.2024
Frosinone,4.75,AC Milan,1.66,AC Milan,03.02.2024
Udinese,2.30,Monza,3.10,Udinese,03.02.2024
Lecce,3.60,Fiorentina,2.10,Fiorentina,02.02.2024
Inter,1.85,Juventus,4.40,Inter Milan,04.02.2024
Bologna,1.77,Sassuolo,4.50,draw,03.02.2024
Napoli,1.46,Verona,7.00,Napoli,04.02.2024
Empoli,2.87,Genoa,2.55,draw,03.02.2024
Torino,1.47,Salernitana,7.50,Torino,04.02.2024
Atalanta,2.05,Lazio,3.60,Atalanta,04.02.2024
Marseille,1.61,Montpellier,5.25,Marseille,25.02.2024
Lens,2.30,Monaco,2.80,draw,25.02.2024
Metz,3.75,Lyon,1.95,Lyon,23.02.2024
Lorient,2.50,Nantes,2.80,draw,24.02.2024
Strasbourg,2.65,Brest,2.65,Strasbourg,24.02.2024
Le Havre,3.20,Reims,2.25,draw,25.02.2024
Toulouse,3.80,Lille,1.90,Lille,25.02.2024
PSG,1.55,Rennes,5.50,PSG,25.02.2024
Nice,1.47,Clermont,7.25,draw,25.02.2024
Al Nassr,1.20,Al Fateh,12.00,Al Nassr,17.02.2024
Al Akhdoud,7.00,Al Ahli SC,1.38,Al Ahli,16.02.2024
Kansas State,2.65,Kansas,1.57,Kansas State,06.02.2024
Portland State,2.45,East. Washington,1.67,Portland State,06.02.2024
Sacramento State,1.59,Idaho,2.60,Idaho State,06.02.2024
Nicholls State,1.30,Northwestern St.,3.92,Nicholls State,06.02.2024
Alabama State,1.25,Florida A&amp;M,4.40,Alabama State,06.02.2024
Alabama A&amp;M,2.12,Bethune-Cookman,1.84,draw,06.02.2024
SE Louisiana,1.26,Incarnate Word,4.33,draw,06.02.2024
Alcorn State,1.89,Grambling St.,2.06,Alcorn State,06.02.2024
South Carolina St,1.23,Coppin State,4.60,South Carolina State,06.02.2024
N. Carolina Central,1.18,Morgan State,5.25,Morgan State,06.02.2024
Delaware State,2.05,Howard,1.90,Delaware State,06.02.2024
Md.-East. Shore,4.60,Norfolk State,1.23,Norfolk State,06.02.2024
Jackson State,1.89,Southern Univ.,2.06,Jackson State,06.02.2024
Philadelphia 76ers,2.30,Golden State Warriors,1.80,Golden State Warriors,08.02.2024
Los Angeles Clippers,1.38,New Orleans Pelicans,3.60,New Orleans Pelicans,08.02.2024
Sacramento Kings,1.13,Detroit Pistons,7.30,Sacramento Kings,08.02.2024
Washington Wizards,6.30,Cleveland Cavaliers,1.17,Washington Wizards,08.02.2024
Charlotte Hornets,3.60,Toronto Raptors,1.38,Charlotte Hornets,08.02.2024
Boston Celtics,1.17,Atlanta Hawks,6.30,Boston Celtics,08.02.2024
Miami Heat,1.30,San Antonio Spurs,4.40,Miami Heat,08.02.2024
East,2.22,West,1.77,Eastern Conference,19.02.2024
Memphis Grizzlies,2.41,Chicago Bulls,1.48,Memphis Grizzlies,09.02.2024
New York Knicks,1.99,Dallas Mavericks,1.70,Dallas Mavericks,09.02.2024
Milwaukee Bucks,1.48,Minnesota Timberwolves,2.41,Milwaukee Bucks,09.02.2024
Duke,1.02,Notre Dame,15.00,Duke,08.02.2024
Rice,3.60,SMU Mustangs,1.38,error,08.02.2024
Duquesne,1.45,Davidson,3.20,Duquesne,08.02.2024
Belmont,1.80,Murray State,2.30,Belmont,08.02.2024
Tennessee,1.08,LSU,8.50,Tennessee,08.02.2024
Michigan,3.40,Wisconsin,1.42,draw,08.02.2024
George Mason,1.52,Loyola Chicago,3.00,George Mason,08.02.2024
Mississippi St.,1.28,Georgia,4.40,draw,08.02.2024
NC State,1.65,Pittsburgh,2.60,Pittsburgh,08.02.2024
Providence,2.30,Creighton,1.80,Creighton,08.02.2024
Auburn,1.45,Alabama,3.20,draw,08.02.2024
Illinois State,1.50,Illinois (Chi.),3.10,Illinois State,08.02.2024
Northwestern,1.38,Nebraska,3.60,Nebraska,08.02.2024
Southern Miss,1.45,Old Dominion,3.20,draw,08.02.2024
Drake,1.17,Southern Illinois,6.00,draw,08.02.2024
Louisiana Tech,1.22,Western Kentucky,5.00,draw,08.02.2024
Western Carolina,1.11,Citadel,7.30,Western Carolina,08.02.2024
South Alabama,1.52,Georgia Southern,2.90,South Alabama,08.02.2024
Xavier,1.55,Villanova,2.80,Villanova,08.02.2024
Evansville,5.30,Bradley,1.20,Bradley,08.02.2024
Troy,1.30,Marshall,4.20,draw,08.02.2024
Syracuse,1.25,Louisville,4.60,Syracuse,08.02.2024
Northern Iowa,1.48,Missouri State,3.10,Missouri State,08.02.2024
Arkansas State,3.00,James Madison,1.50,draw,08.02.2024
St. Bonaventure,1.50,UMass,3.00,draw,08.02.2024
Lehigh,1.25,Army,4.80,Lehigh,08.02.2024
Wichita State,1.22,UTSA Roadrunners,4.80,Wichita State,08.02.2024
Mercer,2.60,Furman,1.62,draw,08.02.2024
Boston University,5.00,Colgate,1.22,Boston University,08.02.2024
East Tennessee St,1.62,Wofford,2.70,East Tennessee St,08.02.2024
Seton Hall,1.07,Georgetown,9.00,Seton Hall,07.02.2024
Winthrop,1.16,Charleston Southern,6.30,Winthrop,07.02.2024
La Salle,1.65,St. Louis,2.60,St. Louis,07.02.2024
Navy,1.88,Bucknell,2.20,Bucknell,08.02.2024
UNC Asheville,2.40,High Point,1.75,UNC Asheville,07.02.2024
Longwood,1.22,USC Upstate,5.00,Longwood,08.02.2024
Missouri,3.10,Texas A&amp;M,1.48,draw,08.02.2024
California,1.80,USC,2.30,draw,08.02.2024
Stanford,1.68,UCLA,2.50,Stanford,08.02.2024
San Diego Toreros,2.60,Loyola Marymount,1.62,San Diego Toreros,08.02.2024
Lafayette,1.17,Holy Cross,6.00,Lafayette,08.02.2024
Bellarmine,2.70,Stetson,1.62,Stetson,07.02.2024
Eastern Kentucky,1.22,Florida Gulf Coast,5.00,Florida Gulf Coast,08.02.2024
American University,1.18,Loyola Maryland,5.30,American University,08.02.2024
Indiana State,1.03,Valparaiso,13.00,Indiana State,08.02.2024
Gonzaga,1.10,Portland,37.00,Gonzaga,08.02.2024
Aris,1.57,Trento,2.70,Aris Thessaloniki,07.02.2024
Lietkabelis,3.40,Cluj-Napoca,1.40,Lietkabelis,07.02.2024
London Lions,1.22,BC Wolves,5.00,London Lions,07.02.2024
Buducnost,2.70,Gran Canaria,1.57,Buducnost,07.02.2024
Paris,1.07,Cedevita Olimpija,10.50,Cedevita Olimpija,07.02.2024
Prometey,1.90,Joventut Badalona,2.10,draw,07.02.2024
Besiktas,2.20,Hapoel Tel-Aviv,1.80,Besiktas,07.02.2024
Golden State Warriors,2.23,Phoenix Suns,1.80,draw,11.02.2024
Brooklyn Nets,1.44,San Antonio Spurs,3.20,San Antonio Spurs,10.02.2024
Orlando Magic,1.53,Chicago Bulls,2.88,Orlando Magic,11.02.2024
New York Knicks,2.98,Indiana Pacers,1.48,Indiana Pacers,11.02.2024
Miami Heat,3.10,Boston Celtics,1.46,Boston Celtics,11.02.2024
Oklahoma City Thunder,1.62,Sacramento Kings,2.54,Oklahoma City Thunder,11.02.2024
Toronto Raptors,4.30,Cleveland Cavaliers,1.28,Cleveland Cavaliers,11.02.2024
Atlanta Hawks,1.38,Houston Rockets,3.55,Atlanta Hawks,11.02.2024
Charlotte Hornets,2.89,Memphis Grizzlies,1.51,Memphis Grizzlies,11.02.2024
Portland Trail Blazers,3.98,New Orleans Pelicans,1.31,draw,11.02.2024
Washington Wizards,2.61,Philadelphia 76ers,1.59,Philadelphia 76ers,11.02.2024
Charlotte Hornets,4.74,Indiana Pacers,1.19,Indiana Pacers,13.02.2024
Houston Rockets,2.89,New York Knicks,1.51,Houston Rockets,13.02.2024
Milwaukee Bucks,2.07,Denver Nuggets,1.92,Milwaukee Bucks,13.02.2024
Utah Jazz,1.96,Golden State Warriors,2.03,Utah Jazz,13.02.2024
Memphis Grizzlies,4.40,New Orleans Pelicans,1.27,Memphis Grizzlies,13.02.2024
Atlanta Hawks,1.64,Chicago Bulls,2.51,Atlanta Hawks,13.02.2024
Toronto Raptors,1.33,San Antonio Spurs,3.95,Toronto Raptors,13.02.2024
Dallas Mavericks,1.12,Washington Wizards,7.10,Dallas Mavericks,13.02.2024
Cleveland Cavaliers,1.27,Philadelphia 76ers,4.35,Philadelphia 76ers,13.02.2024
VCU Rams,2.23,Dayton,1.74,VCU Rams,10.02.2024
Colorado State,1.08,San Jose State,8.20,Colorado State Rams,10.02.2024
Nevada,1.70,San Diego State,2.29,Nevada,10.02.2024
Syracuse,2.20,Clemson,1.70,draw,10.02.2024
LSU,3.10,Alabama,1.38,draw,10.02.2024
Georgetown,13.00,UConn,1.04,UConn,10.02.2024
Xavier,1.75,Creighton,2.10,Xavier,10.02.2024
George Washington,2.38,Loyola Chicago,1.60,George Washington,10.02.2024
South Carolina,1.06,Vanderbilt,9.50,South Carolina,10.02.2024
Rutgers,2.55,Wisconsin,1.53,Rutgers,10.02.2024
Michigan State,1.70,Illinois,2.20,Michigan State,10.02.2024
Butler,1.42,Providence,2.95,Butler,10.02.2024
Colorado,1.80,Arizona,2.05,Error,11.02.2024
Florida,2.05,Auburn,1.80,Florida State,10.02.2024
Utah State,1.57,Boise State,2.45,Utah State,11.02.2024
New Mexico,1.12,UNLV,6.50,draw,11.02.2024
Kentucky,1.60,Gonzaga,2.40,Kentucky,10.02.2024
Iowa State,1.35,TCU,3.30,Iowa State,10.02.2024
Louisville,1.90,Georgia Tech,1.95,Louisville,10.02.2024
Florida State,2.00,Virginia,1.85,Florida State,11.02.2024
Cincinnati,2.80,Houston,1.45,draw,10.02.2024
Oregon State,2.95,Washington,1.42,Oregon State,11.02.2024
Marquette,1.35,St. John&apos;s (N.Y.),3.30,Marquette,10.02.2024
Oregon,1.70,Washington State,2.20,Washington State Cougars,10.02.2024
Ohio State,1.65,Maryland,2.30,Maryland,10.02.2024
Texas Tech,1.28,UCF Knights,3.90,Texas Tech,10.02.2024
Kansas,1.38,Baylor,3.10,Baylor,10.02.2024
Texas,1.11,West Virginia,7.00,Texas Longhorns,10.02.2024
Utah Utes,1.14,Arizona State,5.75,Utah Utes,11.02.2024
California,1.75,UCLA,2.10,California,10.02.2024
Oklahoma,1.13,Oklahoma State,6.25,Oklahoma Sooners,11.02.2024
Nebraska,1.22,Michigan,4.33,Michigan Wolverines,10.02.2024
Missouri,2.90,Mississippi St.,1.42,draw,11.02.2024
Brigham Young,1.17,Kansas State,5.25,Brigham Young,11.02.2024
Texas A&amp;M,2.40,Tennessee,1.60,Tennessee,11.02.2024
Saint Josephs,1.15,St. Louis,5.50,Saint Joseph's,10.02.2024
Arkansas,1.85,Georgia,2.00,Arkansas,10.02.2024
Wake Forest,1.25,NC State,4.00,Wake Forest,10.02.2024
Duke,1.09,Boston College,8.00,Duke,10.02.2024
Notre Dame,2.50,Virginia Tech,1.55,draw,10.02.2024
Stanford,1.70,USC,2.20,Stanford,11.02.2024
Charleston,1.57,Drexel,2.45,Charleston,10.02.2024
Brown,1.48,Columbia,2.70,Brown,10.02.2024
St. Bonaventure,1.42,Duquesne,2.90,St. Bonaventure,10.02.2024
Richmond,1.14,La Salle,6.00,Richmond,10.02.2024
Yale,1.36,Cornell,3.20,YALE BULLDOGS,10.02.2024
Davidson,1.83,George Mason,2.00,Davidson,10.02.2024
Purdue,1.01,Indiana,15.00,Purdue,11.02.2024
Bradley,1.57,Drake,2.26,Drake,10.02.2024
Missouri State,2.92,Indiana State,1.35,Indiana State,10.02.2024
Army,1.61,Navy,2.19,draw,10.02.2024
UTSA Roadrunners,2.13,East Carolina,1.64,draw,10.02.2024
Brooklyn Nets,1.80,Golden State Warriors,2.15,Golden State Warriors,06.02.2024
Cleveland Cavaliers,1.54,Sacramento Kings,2.65,Cleveland Cavaliers,06.02.2024
Charlotte Hornets,5.10,Los Angeles Lakers,1.21,Charlotte Hornets,06.02.2024
Atlanta Hawks,2.30,Los Angeles Clippers,1.74,Atlanta Hawks,06.02.2024
New Orleans Pelicans,1.20,Toronto Raptors,5.30,New Orleans Pelicans,06.02.2024
Philadelphia 76ers,2.13,Dallas Mavericks,1.87,Philadelphia 76ers,06.02.2024
Indiana Pacers,1.66,Houston Rockets,2.04,Indiana Pacers,07.02.2024
New York Knicks,1.11,Memphis Grizzlies,5.25,New York Knicks,07.02.2024
Miami Heat,1.54,Orlando Magic,2.26,Miami Heat,07.02.2024
Chicago Bulls,2.26,Minnesota Timberwolves,1.54,Chicago Bulls,07.02.2024
Utah Jazz,2.41,Oklahoma City Thunder,1.48,Utah Jazz,07.02.2024
Phoenix Suns,1.66,Milwaukee Bucks,2.04,Phoenix Suns,07.02.2024
Brooklyn Nets,2.98,Cleveland Cavaliers,1.52,Brooklyn Nets,09.02.2024
Orlando Magic,1.15,San Antonio Spurs,5.50,Orlando Magic,09.02.2024
Indiana Pacers,1.40,Golden State Warriors,3.05,Indiana Pacers,09.02.2024
Vanderbilt,4.33,Texas A&amp;M,1.25,Vanderbilt,14.02.2024
Davidson,1.30,La Salle,3.82,Davidson,14.02.2024
San Jose State,1.63,Air Force,2.46,draw,14.02.2024
Illinois,1.08,Michigan,8.40,Illinois Fighting Illini,14.02.2024
Boston College,1.24,Louisville,4.45,Boston College,14.02.2024
Indiana State,1.04,Illinois State,11.50,Indiana State,14.02.2024
Creighton,1.02,Georgetown,13.00,Creighton,14.02.2024
Butler,2.46,Marquette,1.62,Butler,13.02.2024
Virginia,1.38,Pittsburgh,3.32,Virginia,14.02.2024
San Diego State,1.42,Colorado State,3.10,San Diego State,14.02.2024
Northern Illinois,1.25,Buffalo,4.33,draw,14.02.2024
Tennessee Tech,2.58,Tennessee State,1.57,Tennessee State,14.02.2024
Dayton,1.31,Duquesne,3.78,Dayton,14.02.2024
Providence,1.80,St. John&apos;s (N.Y.),2.15,Providence,14.02.2024
Cincinnati,1.83,Iowa State,2.10,Cincinnati,14.02.2024
Brigham Young,1.14,UCF Knights,6.15,draw,14.02.2024
Baylor,1.36,Oklahoma,3.40,draw,14.02.2024
Kentucky,1.29,Ole Miss,3.90,Kentucky,14.02.2024
Syracuse,3.72,North Carolina,1.31,Syracuse,14.02.2024
George Mason,1.23,George Washington,4.50,George Washington,14.02.2024
Florida,1.22,LSU,4.65,Florida Gators,14.02.2024
Nevada,1.83,New Mexico,2.10,draw,14.02.2024
Evansville,3.58,Drake,1.33,Drake,14.02.2024
Wisconsin,1.25,Ohio State,4.33,Wisconsin,14.02.2024
Virginia Tech,1.46,Florida State,2.94,Virginia Tech,14.02.2024
Wisc. Green Bay,1.63,Northern Kentucky,2.46,Northern Kentucky,15.02.2024
Fordham,2.48,St. Bonaventure,1.61,Fordham,15.02.2024
Fresno State,2.82,UNLV,1.49,Fresno State,15.02.2024
Colgate,1.03,Holy Cross,12.25,Colgate,15.02.2024
Bradley,1.09,Illinois (Chi.),7.80,Bradley,15.02.2024
Cleveland State,1.57,Wisc. Milwaukee,2.58,Cleveland State,15.02.2024
South Florida,1.32,Tulsa,3.70,draw,15.02.2024
Youngstown State,1.22,Robert Morris,4.70,Youngstown State,14.02.2024
Wyoming,3.72,Utah State,1.31,draw,15.02.2024
Murray State,1.58,Missouri State,2.57,Missouri State,15.02.2024
Arizona State,1.34,Oregon State,3.52,Arizona State,15.02.2024
Mercer,1.72,Wofford,2.27,Wofford,15.02.2024
Chattanooga Mocs,1.33,East Tennessee St,3.56,Chattanooga Mocs,15.02.2024
Belmont,1.66,Southern Illinois,2.38,Belmont,15.02.2024
Maryland,1.45,Iowa,2.97,Maryland,15.02.2024
Army,2.02,Boston University,1.91,Army,14.02.2024
Valparaiso,3.65,Northern Iowa,1.32,Northern Iowa,15.02.2024
Citadel,3.10,NC Greensboro,1.42,draw,15.02.2024
Arkansas,4.15,Tennessee,1.26,Tennessee,15.02.2024
Loyola Chicago,1.61,Saint Josephs,2.48,Saint Josephs,15.02.2024
Detroit,1.42,IUPUI,3.10,draw,15.02.2024
Auburn,1.15,South Carolina,5.75,Auburn,15.02.2024
Penn State,2.41,Michigan State,1.64,Michigan State,14.02.2024
Seton Hall,1.66,Xavier,2.38,Seton Hall,15.02.2024
UNC Asheville,1.19,Presbyterian,5.10,UNC Asheville,14.02.2024
Queens Royals,1.64,North Florida,2.41,North Florida,15.02.2024
Navy,2.10,American University,1.83,American University,15.02.2024
Notre Dame,1.61,Georgia Tech,2.50,draw,15.02.2024
Lafayette,1.22,Loyola Maryland,4.60,Lafayette,15.02.2024
Kennesaw State,1.47,Jacksonville,2.89,error,15.02.2024
Eastern Kentucky,1.18,Chicago State,5.30,Eastern Kentucky,15.02.2024
High Point,1.11,USC Upstate,6.85,High Point,15.02.2024
Charleston Southern,2.85,Gardner Webb,1.48,draw,15.02.2024
Furman,1.02,VMI,23.00,Furman,15.02.2024
DePaul,16.00,UConn,1.02,UConn,15.02.2024
Memphis Grizzlies,2.90,Cleveland Cavaliers,1.50,Memphis Grizzlies,02.02.2024
Utah Jazz,1.56,Philadelphia 76ers,2.69,Utah Jazz,02.02.2024
Boston Celtics,1.19,Los Angeles Lakers,6.30,Boston Celtics,02.02.2024
Indiana Pacers,1.54,Sacramento Kings,2.26,Indiana Pacers,03.02.2024
Washington Wizards,2.69,Miami Heat,1.39,Miami Heat,03.02.2024
Atlanta Hawks,2.41,Phoenix Suns,1.48,Phoenix Suns,03.02.2024
Detroit Pistons,5.63,Los Angeles Clippers,1.09,Detroit Pistons,03.02.2024
Houston Rockets,1.27,Toronto Raptors,3.27,Toronto Raptors,03.02.2024
Rider,1.75,Marist,2.22,Rider,11.02.2024
Southern Illinois,1.32,Illinois State,3.66,Illinois State,11.02.2024
Wright State,1.62,Oakland,2.46,Wright State,11.02.2024
Wofford,1.41,Citadel,3.14,draw,11.02.2024
Princeton,1.19,Penn,5.05,draw,10.02.2024
East. Washington,1.08,Idaho,8.30,George Washington,11.02.2024
Manhattan,1.51,Siena,2.76,Manhattan,11.02.2024
James Madison,1.36,Akron,3.44,Akron,10.02.2024
East Tennessee St,2.31,Furman,1.69,East Tennessee State,10.02.2024
Grand Canyon,1.09,Southern Utah,7.80,Grand Canyon,11.02.2024
UC Riverside,3.65,UC Irvine,1.32,UC Irvine,11.02.2024
Lehigh,1.70,Lafayette,2.31,Lafayette,11.02.2024
Southern Univ.,1.22,Alabama A&amp;M,4.70,Alabama A&M,10.02.2024
New Hampshire,1.55,Maine Black Bears,2.64,New Hampshire,11.02.2024
Lamar,1.46,Nicholls State,2.95,draw,11.02.2024
Miss. Valley St.,5.85,Jackson State,1.15,Jackson State,11.02.2024
Liberty,1.70,Louisiana Tech,2.30,draw,11.02.2024
Idaho State,1.55,Portland State,2.65,Idaho State,11.02.2024
Weber State,1.10,Sacramento State,7.10,Weber State,11.02.2024
Southern Indiana,2.61,Siu Edwardsville,1.56,Southern Indiana,11.02.2024
Loyola Marymount,1.38,Pepperdine,3.28,Pepperdine,11.02.2024
Hawaii,1.76,UC Davis,2.21,draw,11.02.2024
UC Santa Barbara,1.38,CS Northridge,3.32,UC Santa Barbara,11.02.2024
UTEP,1.44,New Mexico State,3.00,New Mexico State,11.02.2024
Austin Peay,1.66,Queens Royals,2.38,Austin Peay Governors,10.02.2024
Florida Gulf Coast,1.26,Bellarmine,4.20,Florida Gulf Coast,11.02.2024
Pacific,2.85,San Diego Toreros,1.48,draw,11.02.2024
Portland,12.25,St. Marys (CA),1.03,Portland Pilots,11.02.2024
LIU Sharks,3.34,Sacred Heart,1.37,LIU Sharks,11.02.2024
Seattle,1.33,Tarleton,3.60,Utah Utes,10.02.2024
Duke,1.36,Wake Forest,3.42,Duke,13.02.2024
Texas Tech,1.59,Kansas,2.53,Texas Tech,13.02.2024
Bucknell,1.78,Lehigh,2.17,Bucknell,13.02.2024
Nicholls State,2.38,Texas A&amp;M-CC,1.67,Nicholls State,13.02.2024
TCU,1.13,West Virginia,6.35,draw,13.02.2024
Northwestern St.,1.64,New Orleans,2.42,Northwestern State Demons,13.02.2024
Miss. Valley St.,4.75,Alcorn State,1.21,Alcorn State,13.02.2024
Arkansas-Pine Bluff,2.09,Jackson State,1.84,Arkansas-Pine Bluff,13.02.2024
Florida A&amp;M,2.07,Prairie View A&amp;M,1.85,Prairie View A&M,13.02.2024
Bethune-Cookman,1.76,Texas Southern,2.20,Bethune-Cookman,13.02.2024
Towson,1.16,Elon,5.50,Towson,13.02.2024
Incarnate Word,2.92,Lamar,1.46,draw,13.02.2024
Grambling St.,1.26,Alabama A&amp;M,4.25,Grambling State Tigers,13.02.2024
Orlando Magic,2.41,Oklahoma City Thunder,1.69,Oklahoma City Thunder,14.02.2024
Brooklyn Nets,4.45,Boston Celtics,1.28,Boston Celtics,14.02.2024
Los Angeles Lakers,1.21,Detroit Pistons,5.25,Los Angeles Lakers,14.02.2024
Phoenix Suns,1.61,Sacramento Kings,2.66,draw,14.02.2024
Cleveland Cavaliers,1.25,Chicago Bulls,4.75,Chicago Bulls,15.02.2024
Milwaukee Bucks,1.33,Miami Heat,3.80,draw,14.02.2024
Portland Trail Blazers,4.33,Minnesota Timberwolves,1.28,Portland Trail Blazers,14.02.2024
Toronto Raptors,2.70,Indiana Pacers,1.61,Indiana Pacers,15.02.2024
Boston Celtics,1.14,Brooklyn Nets,7.42,Boston Celtics,15.02.2024
Orlando Magic,1.84,New York Knicks,2.37,New York Knicks,15.02.2024
Philadelphia 76ers,1.62,Miami Heat,2.70,Philadelphia 76ers,15.02.2024
Charlotte Hornets,3.45,Atlanta Hawks,1.36,Charlotte Hornets,15.02.2024
UC Davis,1.32,CS Fullerton,4.00,UC Davis,09.02.2024
Southeast Missouri State,2.05,Tennessee Tech,2.00,Southeast Missouri State,09.02.2024
Siena,3.40,Marist,1.42,Siena Saints,09.02.2024
Quinnipiac,1.28,St. Peters,4.60,draw,09.02.2024
Campbell,2.35,Northeastern,1.78,Northeastern,09.02.2024
Monmouth,1.25,William &amp; Mary,4.60,Monmouth,09.02.2024
UAB,3.30,Florida Atlantic,1.42,UAB,09.02.2024
NC Wilmington,1.52,Drexel,3.00,NC Wilmington,09.02.2024
Hampton,5.30,Hofstra,1.20,Hofstra Pride,09.02.2024
Northern Kentucky,2.05,Oakland,2.00,Northern Kentucky,09.02.2024
Robert Morris,1.62,Wisc. Green Bay,2.70,draw,09.02.2024
Penn State,2.05,Iowa,1.95,draw,09.02.2024
Western Illinois,1.88,UALR,2.20,Western Illinois,09.02.2024
NC Greensboro,1.95,Samford,2.10,NC Greensboro,09.02.2024
Fairfield,1.48,Rider,3.10,Fairfield Stags,09.02.2024
St. Thomas (Minn.),1.32,Oral Roberts,4.00,Oral Roberts,09.02.2024
Weber State,1.20,Portland State,5.30,Weber State,09.02.2024
Elon,2.70,Stony Brook,1.62,draw,09.02.2024
North Dakota,1.58,Nebraska O.,2.80,North Dakota,09.02.2024
Morehead State,1.11,Siu Edwardsville,7.60,Morehead State,09.02.2024
Liberty,1.12,Middle Tenn. St.,7.30,Liberty Flames,09.02.2024
Temple,5.60,Memphis,1.18,Memphis,09.02.2024
Wright State,1.02,Detroit,14.00,Wright State,09.02.2024
Towson,1.55,Delaware,2.90,Towson,09.02.2024
Youngstown State,1.28,Wisc. Milwaukee,4.20,Youngstown State,08.02.2024
Utah Valley State,1.62,Tarleton,2.70,Tarleton,09.02.2024
Stephen F. Austin,1.04,UTRGV,12.00,Stephen F. Austin,09.02.2024
Hawaii,1.95,UC San Diego,2.10,UC San Diego,09.02.2024
Pepperdine,5.30,San Francisco,1.20,draw,09.02.2024
North Dakota St,1.50,UMKC,3.00,North Dakota State,09.02.2024
Niagara,2.35,Iona,1.78,Niagara,09.02.2024
Southern Indiana,1.52,Eastern Illinois,3.00,Southern Indiana,09.02.2024
Lindenwood,2.90,Tennessee State,1.55,Lindenwood,09.02.2024
Utah Tech,2.50,Southern Utah,1.70,Utah Utes,09.02.2024
Northern Arizona,3.60,Montana,1.38,Northern Arizona,09.02.2024
Oregon,1.28,Washington,4.40,Washington,09.02.2024
Oregon State,5.30,Washington State,1.20,Washington State,09.02.2024
Utah Utes,3.40,Arizona,1.40,Utah Utes,09.02.2024
Mount St. Mary&apos;s,1.19,Manhattan,5.60,Mount St. Mary's,09.02.2024
Northern Colorado,1.32,Montana State,4.00,Northern Colorado,09.02.2024
Jacksonville State,1.70,Sam Houston St.,2.50,draw,09.02.2024
UC Santa Barbara,2.80,UC Irvine,1.58,UC Santa Barbara,09.02.2024
California Baptist,1.62,UT Arlington,2.70,California Baptist,09.02.2024
Idaho State,1.42,Sacramento State,3.40,Idaho State,09.02.2024
Colorado,1.05,Arizona State,11.00,Colorado,09.02.2024
UC Riverside,1.42,CSU Bakersfield,3.40,UC Riverside,09.02.2024
Seattle,1.18,Abilene Christian,5.60,Seattle,09.02.2024
Austin Peay,2.35,Kennesaw State,1.78,Austin Peay,09.02.2024
Bryant University,1.38,New Hampshire,3.60,Bryant University,09.02.2024
NJIT,11.00,Vermont,1.06,Vermont,09.02.2024
Central Connecticut State,1.42,Sacred Heart,3.40,Central Connecticut State Blue Devils,09.02.2024
Fairleigh Dickinson,1.75,Wagner,2.40,Wagner,09.02.2024
South Dakota Coyotes,2.45,Denver,1.70,Denver Nuggets,09.02.2024
North Florida,1.42,North Alabama,3.40,North Alabama,09.02.2024
LIU Sharks,7.60,Merrimack Warriors,1.11,LIU Sharks,09.02.2024
Stonehill,2.60,Le Moyne,1.62,Le Moyne Dolphins,09.02.2024
Lipscomb,1.35,Queens Royals,3.60,Lipscomb Bisons,09.02.2024
Binghamton,1.65,Albany,2.60,Binghamton,08.02.2024
Charleston,1.02,N. Carolina A&amp;T,14.00,draw,09.02.2024
UMBC Retrievers,3.58,UMass Lowell,1.33,UMass Lowell,09.02.2024
Golden State Warriors,1.71,Los Angeles Clippers,2.42,Golden State Warriors,15.02.2024
Dallas Mavericks,1.14,San Antonio Spurs,7.10,Dallas Mavericks,15.02.2024
Memphis Grizzlies,2.38,Houston Rockets,1.71,Memphis Grizzlies,15.02.2024
New Orleans Pelicans,1.10,Washington Wizards,8.50,New Orleans Pelicans,15.02.2024
Denver Nuggets,1.46,Sacramento Kings,3.10,Denver Nuggets,15.02.2024
Phoenix Suns,1.11,Detroit Pistons,7.80,Phoenix Suns,15.02.2024
Utah Jazz,1.44,Los Angeles Lakers,3.18,Utah Jazz,15.02.2024
Memphis Grizzlies,5.21,Milwaukee Bucks,1.24,Milwaukee Bucks,16.02.2024
Los Angeles Clippers,1.56,Minnesota Timberwolves,2.70,Minnesota Timberwolves,13.02.2024
Hofstra,1.36,Stony Brook,3.40,Stony Brook,02.02.2024
Elon,1.72,Campbell,2.27,Campbell Scott,02.02.2024
Abilene Christian,1.78,Tarleton,2.17,Tarleton,02.02.2024
Northern Arizona,3.46,Weber State,1.35,Weber State,02.02.2024
CSU Bakersfield,2.47,Long Beach State,1.62,Long Beach State,02.02.2024
Vermont,1.16,Albany,5.55,Vermont,02.02.2024
Texas State,1.76,South Alabama,2.21,draw,02.02.2024
Northern Colorado,1.25,Idaho State,4.30,Northern Colorado,02.02.2024
Sacred Heart,1.18,Stonehill,5.30,Sacred Heart,02.02.2024
Monmouth,2.72,Drexel,1.52,Monmouth,02.02.2024
Kennesaw State,1.28,Bellarmine,3.98,Kennesaw State,02.02.2024
New Mexico State,2.93,Liberty,1.46,New Mexico State,02.02.2024
Binghamton,1.35,NJIT,3.46,Binghamton Bearcats,01.02.2024
UC San Diego,1.22,CS Northridge,4.70,UC San Diego,02.02.2024
Stephen F. Austin,1.39,Utah Valley State,3.28,Stephen F. Austin,02.02.2024
Tennessee Tech,1.74,Southern Indiana,2.23,Southern Indiana,02.02.2024
Towson,1.36,Northeastern,3.44,Towson,02.02.2024
Queens Royals,3.04,Eastern Kentucky,1.43,Eastern Kentucky,02.02.2024
Wright State,1.67,Youngstown State,2.36,Wright State,02.02.2024
Georgia Southern,2.85,Troy,1.48,draw,02.02.2024
CS Fullerton,1.82,Hawaii,2.12,Hawaii,02.02.2024
Arizona,1.03,California,11.75,Arizona Wildcats,02.02.2024
Central Arkansas,2.25,Florida Gulf Coast,1.73,Central Arkansas,02.02.2024
Lindenwood,2.61,Western Illinois,1.56,Lindenwood,02.02.2024
Grand Canyon,1.25,Seattle,4.35,Grand Canyon,02.02.2024
Utah Tech,1.50,UTRGV,2.80,Utah Utes,02.02.2024
James Madison,1.02,Coastal Carolina,13.00,Coastal Carolina,02.02.2024
Siu Edwardsville,1.67,UALR,2.36,draw,02.02.2024
Cal Poly,6.90,UC Irvine,1.11,draw,02.02.2024
Wagner,1.71,Le Moyne,2.29,Le Moyne Dolphins,02.02.2024
UTEP,1.58,Jacksonville State,2.57,Jacksonville State Gamecocks,02.02.2024
UCLA,1.21,Oregon State,4.90,UCLA,02.02.2024
UC Santa Barbara,1.56,UC Davis,2.61,UC Santa Barbara,02.02.2024
Oakland,1.24,Robert Morris,4.40,Oakland,02.02.2024
San Francisco,1.03,San Diego Toreros,12.00,draw,02.02.2024
Montana,1.10,Idaho,7.30,draw,02.02.2024
UMass Lowell,1.28,Maine Black Bears,4.05,UMass Lowell,01.02.2024
Tennessee State,2.56,Morehead State,1.58,Tennessee State,02.02.2024
Nebraska O.,2.17,St. Thomas (Minn.),1.78,St. Thomas (Minn.),02.02.2024
William &amp; Mary,2.75,Delaware,1.51,Towson,02.02.2024
Arizona State,1.92,Stanford,1.99,Arizona State,02.02.2024
Central Connecticut State,1.11,St. Francis (PA),6.75,Central Connecticut State Blue Devils,02.02.2024
UMKC,1.76,Denver,2.20,Denver Pioneers,02.02.2024
North Alabama,1.90,Stetson,2.02,Stetson,02.02.2024
IPFW,1.61,Wisc. Milwaukee,2.47,draw,02.02.2024
High Point,1.42,Longwood,3.12,High Point,02.02.2024
Charleston,1.55,NC Wilmington,2.65,draw,02.02.2024
Wisc. Green Bay,1.13,IUPUI,6.35,IUPUI,01.02.2024
Montana State,2.51,East. Washington,1.60,Montana State,02.02.2024
SMU Mustangs,1.28,Tulane,3.98,Tulane,02.02.2024
N. Carolina A&amp;T,1.50,Hampton,2.79,N. Carolina A&T,02.02.2024
Bryant University,1.16,UMBC Retrievers,5.55,UMBC Retrievers,02.02.2024
Fairleigh Dickinson,1.29,LIU Sharks,3.88,Fairleigh Dickinson Knights,02.02.2024
Eastern Illinois,2.03,UT Martin,1.89,Eastern Illinois,02.02.2024
Nebraska,1.94,Wisconsin,1.98,Wisconsin,02.02.2024
Western Kentucky,1.52,Sam Houston St.,2.74,Sam Houston State,02.02.2024
Detroit,3.58,Cleveland State,1.33,Detroit,02.02.2024
Southern Utah,1.85,UT Arlington,2.07,Southern Utah,02.02.2024
Philadelphia 76ers,2.44,Atlanta Hawks,1.67,Philadelphia 76ers,10.02.2024
Toronto Raptors,1.78,Houston Rockets,2.23,Toronto Raptors,10.02.2024
Sacramento Kings,1.78,Denver Nuggets,2.29,Denver Nuggets,10.02.2024
Los Angeles Lakers,2.68,New Orleans Pelicans,1.58,Los Angeles Lakers,10.02.2024
Dallas Mavericks,2.30,Oklahoma City Thunder,1.88,Dallas Mavericks,10.02.2024
Los Angeles Clippers,1.08,Detroit Pistons,11.00,Detroit Pistons,10.02.2024
Portland Trail Blazers,1.50,Detroit Pistons,3.00,Portland Trail Blazers,09.02.2024
Phoenix Suns,1.45,Utah Jazz,3.20,Phoenix Suns,09.02.2024
Los Angeles Lakers,2.50,Denver Nuggets,1.68,Los Angeles Lakers,09.02.2024
Slask Wroclaw,3.10,Turk Telekom,1.48,Slask Wroclaw,06.02.2024
JL Bourg,1.72,Ulm,2.45,Ulm,06.02.2024
VMI,8.10,Chattanooga Mocs,1.08,Chattanooga Mocs,08.02.2024